index,SPACER_cex_depth,SPACER_cluster_out_of_gas,SPACER_concretize,SPACER_conj,SPACER_conj_failed,SPACER_conj_success,SPACER_expand_pob_undef,SPACER_inductive_level,SPACER_max_cluster_size,SPACER_max_cvx_reduced_dim,SPACER_max_depth,SPACER_max_query_lvl,SPACER_need_sage,SPACER_non_local_gen,SPACER_num_active_lemmas,SPACER_num_cant_abstract,SPACER_num_ctp_blocked,SPACER_num_dim_reduction_success,SPACER_num_invariants,SPACER_num_is_invariant,SPACER_num_lemma_jumped,SPACER_num_lemmas,SPACER_num_no_over_approximate,SPACER_num_non_lin,SPACER_num_pobs,SPACER_num_propagations,SPACER_num_reach_queries,SPACER_num_sync_cvx_cls,SPACER_pob_out_of_gas,SPACER_queries,SPACER_reuse_reach_facts,SPACER_subsume_failed,SPACER_subsume_pob,SPACER_subsume_success,max_memory,memory,result,time,time_pool_solver_smt_total,time_pool_solver_smt_total_sat,time_pool_solver_smt_total_undef,time_spacer_ctp,time_spacer_init_rules,time_spacer_init_rules_pt_init,time_spacer_mbp,time_spacer_solve,time_spacer_solve_propagate,time_spacer_solve_pt_must_reachable,time_spacer_solve_reach,time_spacer_solve_reach_children,time_spacer_solve_reach_cluster,time_spacer_solve_reach_gen_bool_ind,time_spacer_solve_reach_gen_global,time_spacer_solve_reach_gen_global_cvx_cls,time_spacer_solve_reach_is_reach
chc-lia-nonlin-0000.smt2,,,,,,,,,,,1,1,,,3,,,,3,2,,4,,,3,2,,,,2,,,,,17.84,6.47,sat,0.02,0.00,0.00,,,0.00,0.00,0.00,0.01,0.00,,0.00,0.00,0.00,0.00,0.00,,
chc-lia-nonlin-0001.smt2,,,,,,,,,,,1,1,,,3,,,,3,2,,4,,,3,2,,,,2,,,,,17.88,6.48,sat,0.02,0.00,0.00,,,0.00,0.00,0.00,0.01,0.00,,0.00,0.00,0.00,0.00,0.00,,
chc-lia-nonlin-0002.smt2,,,,,,,,,,,1,1,,,3,,,,3,2,,4,,,3,2,,,,2,,,,,17.88,6.48,sat,0.02,0.00,0.00,,,0.00,0.00,0.00,0.01,0.00,,0.00,0.00,0.00,0.00,0.00,,
chc-lia-nonlin-0003.smt2,2,,,,,,,,,,2,2,,,2,,,,,2,,3,,,2,,2,,,2,1,,,,30.76,7.20,unsat,0.02,0.00,0.00,,,0.00,0.00,0.00,0.01,0.00,,0.00,0.00,0.00,,,,0.00
chc-lia-nonlin-0004.smt2,,,11,,,,3,1,6,2,5,5,,,6,,2,,21,61,,31,,5,31,44,2,8,,16,12,4,8,,32.64,14.32,sat,0.14,0.05,0.02,0.00,0.00,0.00,0.00,0.00,0.12,0.02,,0.09,0.01,0.01,0.01,0.02,0.00,0.00
chc-lia-nonlin-0005.smt2,,,,,,,2,1,,,3,3,,,4,,,,3,5,,8,,,4,1,1,,,5,2,,,,22.40,7.83,sat,0.03,0.01,0.00,0.00,,0.00,0.00,0.00,0.02,0.00,,0.01,0.00,0.00,0.00,0.00,,0.00
chc-lia-nonlin-0006.smt2,,1361,,38,,15,,,454,1,463,462,,456,959,,115137,452,477,117037,919,1421,,,1421,957,462,,,952,939,468,468,,480.15,478.83,timeout,598.03,93.41,40.27,,87.72,0.00,0.00,2.13,596.01,106.16,18.04,487.56,6.82,200.14,5.69,201.05,0.01,
chc-lia-nonlin-0007.smt2,,9,,46,,21,,12,7,1,12,12,,6,27,,169,2,26,308,18,72,,,73,96,19,,,46,44,12,12,,49.36,24.74,sat,0.38,0.16,0.07,,0.01,0.00,0.00,0.01,0.35,0.06,0.01,0.24,0.02,0.03,0.03,0.04,0.00,
chc-lia-nonlin-0008.smt2,,,,1,1,2,,4,2,1,5,5,,,9,,3,3,8,33,,22,,,20,18,9,,,17,18,,3,3,29.84,11.91,sat,0.09,0.03,0.02,,0.00,0.00,0.00,0.01,0.07,0.01,0.00,0.05,0.01,0.01,0.01,0.01,0.00,0.01
chc-lia-nonlin-0009.smt2,2,,,,,,,,,,2,2,,,3,,,,,2,,4,,,3,,2,,,3,1,,,,30.92,7.33,unsat,0.02,0.00,0.00,,,0.00,0.00,0.00,0.01,0.00,,0.00,0.00,0.00,0.00,0.00,,0.00
chc-lia-nonlin-0010.smt2,,,,,,,,1,,,3,3,,,5,,,,4,8,,9,,,4,4,,,,5,1,,,,22.76,8.02,sat,0.03,0.01,0.00,,0.00,0.00,0.00,0.00,0.02,0.00,,0.01,0.00,0.00,0.00,0.00,,
chc-lia-nonlin-0011.smt2,,,,,,,,,,,2,2,,,3,,,,3,3,1,6,,,3,1,,,,3,1,,,,18.84,6.99,sat,0.02,0.00,0.00,,,0.00,0.00,0.00,0.01,0.00,,0.01,0.00,0.00,0.00,0.00,,
chc-lia-nonlin-0012.smt2,,,,,,,,,,,,,,,,,,,,,,,,,,,,,,,,,,,7.36,3.85,sat,0.00,,,,,0.00,,,,,,,,,,,,
chc-lia-nonlin-0013.smt2,,,,,,,,,,,,,,,,,,,,,,,,,,,,,,,,,,,7.32,3.81,sat,0.00,,,,,0.00,,,,,,,,,,,,
chc-lia-nonlin-0014.smt2,,,,,,,,,,,,,,,,,,,,,,,,,,,,,,,,,,,7.32,3.81,sat,0.00,,,,,0.00,,,,,,,,,,,,
chc-lia-nonlin-0015.smt2,,,,,,,,,,,,,,,,,,,,,,,,,1,,,,,,,,,,22.12,4.89,unsat,0.01,0.00,0.00,,,0.00,0.00,,0.00,,,0.00,,,,,,
chc-lia-nonlin-0016.smt2,,,,,,,,1,,,1,1,,,1,,,,1,,,1,,,1,,,,,,,,,,13.16,5.00,sat,0.01,0.00,,,,0.00,0.00,,0.00,0.00,,0.00,,0.00,,,,
chc-lia-nonlin-0017.smt2,,,,,,,,1,,,1,1,,,1,,,,1,,,1,,,1,,,,,,,,,,13.16,5.00,sat,0.01,0.00,,,,0.00,0.00,,0.00,0.00,,0.00,,0.00,,,,
chc-lia-nonlin-0018.smt2,,,,,,,,,,,,,,,,,,,,,,,,,1,,,,,,,,,,22.12,4.92,unsat,0.01,0.00,0.00,,,0.00,0.00,,0.00,,,0.00,,,,,,
chc-lia-nonlin-0019.smt2,,,,,,,,,,,1,1,,,1,,,,,,,1,,,1,,1,,,,2,,,,26.44,6.05,unsat,0.02,0.00,0.00,,,0.00,0.00,0.00,0.00,,,0.00,,0.00,,,,
chc-lia-nonlin-0020.smt2,,,,,,,,1,,,1,1,,,1,,,,1,,,2,,,1,,,,,,,,,,17.04,6.13,sat,0.01,0.00,,,,0.00,0.00,,0.00,0.00,,0.00,,0.00,,,,
chc-lia-nonlin-0021.smt2,,,,,,,,,,,4,3,,,4,,3,,,7,,8,,,3,,,,,4,1,,,,575.57,574.91,timeout,599.46,0.01,0.00,,0.00,0.00,0.00,0.00,0.02,0.00,,0.01,0.00,0.00,0.00,0.00,,
chc-lia-nonlin-0022.smt2,,,,,,,,,,,,,,,,,,,,,,,,,,,,,,,,,,,7.36,3.85,sat,0.00,,,,,0.00,,,,,,,,,,,,
chc-lia-nonlin-0023.smt2,,,,,,,,,,,3,2,,,4,,1,,,5,,6,,,3,,,,,3,,,,,341.94,341.76,timeout,599.56,0.01,0.00,,0.00,0.00,0.00,0.00,0.01,0.00,,0.01,0.00,0.00,0.00,0.00,,
chc-lia-nonlin-0024.smt2,,19492,,,,,39006,,197,1,199,198,,19304,200,,19700,,,20096,,19900,,,395,,,,,19701,,,19501,,756.07,693.20,timeout,594.76,503.80,2.93,257.71,1.22,0.00,0.00,2.33,585.35,6.15,,578.36,17.03,16.36,3.15,31.41,0.02,
chc-lia-nonlin-0025.smt2,,,,,,,,1,,,1,1,,,1,,,,1,,,1,,,1,,,,,,,,,,13.16,5.04,sat,0.01,0.00,,,,0.00,0.00,,0.00,0.00,,0.00,,0.00,,,,
chc-lia-nonlin-0026.smt2,,,,,,,,1,,,3,3,,,4,,1,,3,5,,8,,,3,1,,,,4,1,,,,22.72,8.06,sat,0.03,0.01,0.00,,0.00,0.00,0.00,0.00,0.02,0.00,,0.01,0.00,0.00,0.00,0.00,,
chc-lia-nonlin-0027.smt2,2,,,,,,,,,,2,2,,,2,,,,,2,,3,,,2,,2,,,2,1,,,,31.08,7.44,unsat,0.02,0.00,0.00,,,0.00,0.00,0.00,0.01,0.00,,0.00,0.00,0.00,,,,0.00
chc-lia-nonlin-0028.smt2,,,,,,,,,,,1,1,,,1,,,,,,,1,,,1,,1,,,,3,,,,26.60,6.24,unsat,0.02,0.00,0.00,,,0.00,0.00,0.00,0.00,,,0.00,,0.00,,,,
chc-lia-nonlin-0029.smt2,,,,,,,,1,,1,2,2,,,6,,1,,11,21,,18,,,13,16,,,,13,,4,2,,28.24,11.33,sat,0.05,0.02,0.01,,0.00,0.00,0.00,0.00,0.04,0.01,,0.03,0.00,0.00,0.01,0.00,0.00,
chc-lia-nonlin-0030.smt2,,,,,,,,,,,2,2,,,4,,,,1,6,1,5,,,5,3,2,,,4,3,,,,32.56,8.13,unsat,0.03,0.00,0.00,,,0.00,0.00,0.00,0.01,0.00,0.00,0.01,0.00,0.00,0.00,0.00,,0.00
chc-lia-nonlin-0031.smt2,,,,,,,,,,,2,2,,,3,,,,1,5,,4,,,3,3,2,,,3,5,,,,28.32,6.91,unsat,0.03,0.00,0.00,,,0.00,0.00,0.00,0.01,0.00,0.00,0.01,0.00,0.00,0.00,0.00,,0.00
chc-lia-nonlin-0032.smt2,,,,,,,,1,,1,2,2,,,6,,1,,11,21,,18,,,13,16,,,,13,,4,2,,28.16,11.31,sat,0.06,0.02,0.01,,0.00,0.00,0.00,0.00,0.04,0.01,,0.03,0.00,0.00,0.01,0.00,0.00,
chc-lia-nonlin-0033.smt2,,1,,10,10,,,15,13,3,15,15,8,13,68,,108,16,71,427,14,136,,,149,222,65,14,,121,243,51,41,22,152.32,73.60,sat,1.41,0.83,0.45,0.00,0.02,0.00,0.00,0.05,1.34,0.22,0.03,1.04,0.08,0.10,0.30,0.10,0.00,0.03
chc-lia-nonlin-0034.smt2,6,,,1,4,2,,,1,,5,5,,,5,,3,,,13,,10,,,10,3,8,,,9,8,,,,35.20,9.64,unsat,0.06,0.02,0.01,,0.00,0.00,0.00,0.00,0.04,0.00,0.00,0.02,0.00,0.00,0.00,0.00,,0.00
chc-lia-nonlin-0035.smt2,,4569,,219,208,,,100,144,1,101,101,,4241,106,,364,101,155,19834,53,2807,,,580,13893,291,,,2760,393,2260,2277,94,2033.80,1272.15,sat,339.18,319.81,94.52,,1.22,0.00,0.00,1.47,338.22,130.30,0.18,207.48,3.70,3.49,11.33,5.35,0.00,6.85
chc-lia-nonlin-0036.smt2,12,,,6,8,8,,,1,,8,8,,,10,,10,,2,44,,20,,,26,22,15,,,20,19,,,,43.20,14.46,unsat,0.12,0.05,0.02,,0.00,0.00,0.00,0.01,0.10,0.01,0.00,0.06,0.01,0.00,0.01,0.00,,0.01
chc-lia-nonlin-0037.smt2,,,,,,,,,,,3,3,,,3,,2,,,5,,6,,,5,,5,,,5,4,,,,28.96,7.29,unsat,0.04,0.01,0.00,,0.00,0.00,0.00,0.00,0.02,0.00,0.00,0.01,0.00,0.00,0.00,0.00,,0.00
chc-lia-nonlin-0038.smt2,,,,,,,,2,,,3,3,,,5,,2,,3,9,,9,,,3,3,,,,5,,,,,26.28,8.96,sat,0.03,0.01,0.00,,0.00,0.00,0.00,0.00,0.01,0.00,,0.01,0.00,0.00,0.00,0.00,,
chc-lia-nonlin-0039.smt2,,,,,,,,2,,,4,4,,,6,,4,,4,12,,13,,,4,3,,,,8,4,,,,27.04,9.16,sat,0.04,0.01,0.00,,0.00,0.00,0.00,0.00,0.02,0.00,,0.01,0.00,0.00,0.00,0.00,,
chc-lia-nonlin-0040.smt2,,,,,,,,,,,1,1,,,5,,,,5,,,6,,,6,,,,,4,3,,,,19.72,7.48,sat,0.02,0.01,0.00,,,0.00,0.00,0.00,0.01,0.00,0.00,0.01,0.00,0.00,0.00,0.00,,
chc-lia-nonlin-0041.smt2,,,,,,,,,,,1,1,,,1,,,,,,,1,,,1,,1,,,,2,,,,26.92,6.42,unsat,0.02,0.00,0.00,,,0.00,0.00,0.00,0.00,,,0.00,,0.00,,,,
chc-lia-nonlin-0042.smt2,,,,,,,,1,,,1,1,,,1,,,,1,,,1,,,1,,,,,,,,,,13.32,5.16,sat,0.01,0.00,,,,0.00,0.00,,0.00,0.00,,0.00,,0.00,,,,
chc-lia-nonlin-0043.smt2,,912,,25,10,15,,,278,1,142,141,,,851,,19734,272,568,20536,206,996,,,1010,377,150,,,851,429,550,548,,1107.44,1045.78,timeout,599.32,514.99,79.12,,8.99,0.00,0.00,2.23,593.45,33.24,0.97,559.49,4.64,27.62,472.89,28.70,0.00,0.01
chc-lia-nonlin-0044.smt2,,,,,,,,1,,,2,2,,,4,,,,3,4,,6,,,3,2,,,,3,,,,,22.48,7.86,sat,0.02,0.00,0.00,,,0.00,0.00,0.00,0.01,0.00,,0.00,0.00,0.00,0.00,0.00,,
chc-lia-nonlin-0045.smt2,,,,,,,,1,,,2,2,,,6,,,,5,10,,8,,,5,6,,,,5,,,,,31.48,10.60,sat,0.03,0.01,0.00,,0.00,0.00,0.00,0.00,0.01,0.00,,0.01,0.00,0.00,0.00,0.00,,
chc-lia-nonlin-0046.smt2,2,,,,,,,,,,2,2,,,2,,,,,2,,3,,,2,,2,,,2,2,,,,31.72,7.85,unsat,0.02,0.00,0.00,,,0.00,0.00,0.00,0.01,0.00,,0.00,0.00,0.00,,,,0.00
chc-lia-nonlin-0047.smt2,,6,,28,25,2,2,6,4,2,8,8,,15,11,,27,8,14,99,,51,,,28,50,1,6,,39,24,2,14,9,32.40,14.99,sat,0.22,0.08,0.04,0.00,0.00,0.00,0.00,0.01,0.20,0.03,0.00,0.15,0.02,0.02,0.01,0.03,0.00,0.01
chc-lia-nonlin-0048.smt2,,,,,,,,,,,1,1,,,2,,,,2,1,,3,,,2,1,,,,1,,,,,17.96,6.56,sat,0.01,0.00,0.00,,,0.00,0.00,0.00,0.00,0.00,,0.00,0.00,0.00,0.00,0.00,,
chc-lia-nonlin-0049.smt2,,,,,,,,2,,,4,4,,,4,,3,,4,10,,11,,,3,2,,,,6,4,,,,27.36,9.73,sat,0.04,0.01,0.00,,0.00,0.00,0.00,0.00,0.02,0.00,,0.01,0.00,0.00,0.00,0.00,,
chc-lia-nonlin-0050.smt2,,968,,25,10,15,,,294,1,150,149,,,899,,22046,288,600,23162,224,1052,,,1065,667,158,,,899,453,582,580,,1195.92,1135.89,timeout,599.59,503.68,82.65,,10.33,0.00,0.00,2.57,591.83,34.98,1.02,556.14,5.19,31.59,462.07,32.98,0.00,0.01
chc-lia-nonlin-0051.smt2,,,,,,,,,,1,2,2,,,4,,,1,4,6,,7,,,5,4,,,,4,1,,1,1,19.84,7.40,sat,0.03,0.01,0.00,,,0.00,0.00,0.00,0.02,0.00,,0.01,0.00,0.00,0.00,0.00,0.00,0.00
chc-lia-nonlin-0052.smt2,,,,,,,,,,,2,2,,,3,,,,3,3,1,6,,,3,1,,,,3,1,,,,18.84,7.16,sat,0.02,0.00,0.00,,,0.00,0.00,0.00,0.01,0.00,,0.01,0.00,0.00,0.00,0.00,,
chc-lia-nonlin-0053.smt2,8,,,4,4,4,,,2,,8,8,,,8,,7,,,31,,17,,,17,11,11,,,16,14,,,,38.80,11.72,unsat,0.09,0.03,0.01,,0.00,0.00,0.00,0.01,0.07,0.01,0.00,0.04,0.01,0.00,0.00,0.00,,0.01
chc-lia-nonlin-0054.smt2,,,,,,,,,,,1,1,,,4,,,,5,,,6,,,6,,,,,4,7,,,,20.00,7.52,sat,0.02,0.01,0.00,,,0.00,0.00,0.00,0.01,0.00,0.00,0.01,0.00,0.00,0.00,0.00,,
chc-lia-nonlin-0055.smt2,,499,,10,10,,,,355,1,181,180,,,540,,16281,351,358,17179,,720,,,542,538,189,,,538,368,351,351,,916.50,857.38,timeout,599.65,360.27,58.26,,4.31,0.00,0.00,1.08,424.85,18.72,1.00,405.33,2.03,25.75,334.10,27.20,0.00,0.01
chc-lia-nonlin-0056.smt2,,1024,,25,10,15,,,310,1,158,157,,,939,,24485,304,624,25430,298,1096,,,1111,474,166,,,937,477,610,610,,1289.60,1247.72,timeout,598.66,497.81,94.03,,11.30,0.00,0.00,2.94,597.60,37.37,1.24,559.52,5.81,36.68,450.49,37.83,0.00,0.00
chc-lia-nonlin-0057.smt2,,,,,,,,1,,,2,2,,,3,,,,2,3,,5,,,2,1,,,,2,,,,,22.08,7.91,sat,0.02,0.00,0.00,,,0.00,0.00,0.00,0.01,0.00,,0.00,0.00,0.00,0.00,0.00,,
chc-lia-nonlin-0058.smt2,,,,,,,,1,,,1,1,,,1,,,,1,,,1,,,1,,,,,,,,,,13.28,5.08,sat,0.01,0.00,,,,0.00,0.00,,0.00,0.00,,0.00,,0.00,,,,
chc-lia-nonlin-0059.smt2,,,,,,,,1,,,1,1,,,1,,,,1,,,1,,,1,,,,,,,,,,13.28,5.08,sat,0.01,0.00,,,,0.00,0.00,,0.00,0.00,,0.00,,0.00,,,,
chc-lia-nonlin-0060.smt2,,,,,,,,1,,,2,2,,,3,,,,2,3,,5,,,2,1,,,,2,,,,,22.00,7.86,sat,0.02,0.00,0.00,,,0.00,0.00,0.00,0.01,0.00,,0.00,0.00,0.00,0.00,0.00,,
chc-lia-nonlin-0061.smt2,3,,,,,,,,,,3,3,,,6,,1,,1,11,,8,,,5,4,3,,,7,3,,,,33.84,8.86,unsat,0.04,0.01,0.00,,0.00,0.00,0.00,0.00,0.02,0.00,,0.01,0.00,0.00,0.00,0.00,,0.00
chc-lia-nonlin-0062.smt2,4,,,,,,,,,,4,4,,,9,,3,,1,14,,15,,,9,4,4,,,14,7,,,,39.72,11.01,unsat,0.06,0.02,0.01,,0.00,0.00,0.00,0.00,0.04,0.00,,0.02,0.00,0.00,0.00,0.00,,0.00
chc-lia-nonlin-0063.smt2,,,,,,,,,,,1,1,,,2,,,,2,1,,3,,,2,1,,,,1,,,,,17.76,6.45,sat,0.02,0.00,0.00,,,0.00,0.00,0.00,0.01,0.00,,0.00,0.00,0.00,0.00,0.00,,
chc-lia-nonlin-0064.smt2,,,,,,,,,,,1,1,,,3,,,,3,2,,4,,,3,2,,,,2,,,,,17.88,6.60,sat,0.02,0.00,0.00,,,0.00,0.00,0.00,0.01,0.00,,0.00,0.00,0.00,0.00,0.00,,
chc-lia-nonlin-0065.smt2,,,,,,,,,,,1,1,,,2,,,,2,1,,3,,,2,1,,,,1,,,,,18.32,6.91,sat,0.02,0.00,0.00,,,0.00,0.00,0.00,0.00,0.00,,0.00,0.00,0.00,0.00,0.00,,
chc-lia-nonlin-0066.smt2,,,,,,,,1,,,2,2,,,5,,,,3,5,,7,,,3,2,,,,4,4,,,,28.76,10.45,sat,0.04,0.01,0.01,,,0.00,0.00,0.00,0.02,0.00,,0.02,0.00,0.00,0.01,0.00,,
chc-lia-nonlin-0067.smt2,1,,,,,,,,,,1,1,,,1,,,,,,,1,,,1,,1,,,,1,,,,26.48,6.16,unsat,0.02,0.00,0.00,,,0.00,0.00,0.00,0.00,,,0.00,,0.00,,,,
chc-lia-nonlin-0068.smt2,,,,,,,,,,,1,1,,,2,,,,2,1,,3,,,2,1,,,,1,,,,,18.00,6.62,sat,0.02,0.00,0.00,,,0.00,0.00,0.00,0.01,0.00,,0.01,0.00,0.00,0.00,0.00,,
chc-lia-nonlin-0069.smt2,,,,,,,,,,,1,1,,,1,,,,,,,1,,,1,,1,,,,5,,,,28.04,6.94,unsat,0.02,0.00,0.00,,,0.00,0.00,0.00,0.00,,,0.00,,0.00,,,,
chc-lia-nonlin-0070.smt2,,,,4,2,2,,5,8,1,7,7,,,28,,28,3,21,97,4,51,,,44,40,13,,,44,51,9,4,2,64.20,27.50,sat,0.25,0.12,0.05,,0.00,0.01,0.00,0.01,0.22,0.03,0.00,0.16,0.01,0.01,0.04,0.01,0.00,0.01
chc-lia-nonlin-0071.smt2,,,,,,,,,,,1,1,,,2,,,,2,1,,3,,,2,1,,,,1,,,,,26.20,9.18,sat,0.02,0.00,0.00,,,0.00,0.00,0.00,0.00,0.00,,0.00,0.00,0.00,0.00,0.00,,
chc-lia-nonlin-0072.smt2,,,,,,,,1,,,2,2,,,4,,,,3,6,,6,,,3,3,,,,3,,,,,22.44,7.91,sat,0.04,0.01,0.00,,0.00,0.00,0.00,0.00,0.02,0.00,,0.01,0.00,0.00,0.00,0.00,,
chc-lia-nonlin-0073.smt2,,,,,,,,1,,,2,2,,,4,,,,3,6,,6,,,3,3,,,,3,,,,,22.44,7.91,sat,0.02,0.00,0.00,,0.00,0.00,0.00,0.00,0.01,0.00,,0.00,0.00,0.00,0.00,0.00,,
chc-lia-nonlin-0074.smt2,,,,13,21,26,,8,5,1,11,11,,,14,,22,2,19,81,2,51,,,66,33,27,,1,42,155,2,2,,93.96,37.53,sat,0.46,0.26,0.17,,0.00,0.01,0.00,0.03,0.42,0.03,0.03,0.35,0.02,0.02,0.12,0.01,0.00,
chc-lia-nonlin-0075.smt2,,,,,,,,,,,1,1,,,3,,,,3,2,2,4,,,3,2,,,,2,,,,,25.84,9.06,sat,0.02,0.00,0.00,,,0.00,0.00,0.00,0.00,0.00,,0.00,0.00,0.00,0.00,0.00,,
chc-lia-nonlin-0076.smt2,,,,,,,,3,,,4,4,,,9,,4,,5,19,1,14,,,7,9,3,,,10,12,,,,45.00,16.30,sat,0.10,0.04,0.01,,0.00,0.01,0.00,0.00,0.07,0.01,0.00,0.04,0.01,0.00,0.01,0.00,,0.00
chc-lia-nonlin-0077.smt2,,,21,13,,15,30,4,11,3,12,12,2,1,59,1,136,15,240,1531,3,348,,21,286,1123,6,8,,305,177,18,28,3,512.60,300.04,sat,10.95,9.03,4.85,0.31,0.05,0.00,0.00,0.11,10.57,2.34,0.02,8.18,0.28,0.59,3.86,0.19,0.00,0.01
chc-lia-nonlin-0078.smt2,,,,,,,,,,,6,5,,,14,,16,,3,57,,25,,,14,21,3,,,19,32,,,,597.87,597.52,timeout,599.14,0.06,0.02,,0.00,0.01,0.00,0.01,0.10,0.02,0.00,0.06,0.01,0.00,0.01,0.00,,
chc-lia-nonlin-0079.smt2,,,,,,,,1,,1,2,2,,,6,,1,,11,21,,18,,,13,16,,,,13,,4,2,,28.80,11.53,sat,0.06,0.02,0.01,,0.00,0.00,0.00,0.00,0.04,0.01,,0.03,0.00,0.00,0.01,0.00,0.00,
chc-lia-nonlin-0080.smt2,8,,,,,,,,,,7,7,,,10,,4,,3,39,,19,,,21,19,18,,,19,27,,,,83.44,30.28,unsat,0.19,0.08,0.04,,0.00,0.00,0.00,0.02,0.15,0.02,0.02,0.10,0.01,0.00,0.00,0.00,,0.05
chc-lia-nonlin-0081.smt2,,,,,,,,,,,1,1,,,2,,,,2,1,,3,,,2,1,,,,1,,,,,19.00,7.10,sat,0.02,0.00,0.00,,,0.00,0.00,0.00,0.00,0.00,,0.00,0.00,0.00,0.00,0.00,,
chc-lia-nonlin-0082.smt2,,,,,,,,1,,1,2,2,,,6,,1,,11,21,,18,,,13,16,,,,13,,4,2,,28.52,11.52,sat,0.06,0.02,0.01,,0.00,0.00,0.00,0.00,0.04,0.01,,0.03,0.00,0.00,0.01,0.00,0.00,
chc-lia-nonlin-0083.smt2,,,,,,,,1,,1,3,3,,,5,,3,1,7,16,2,15,,,12,8,1,,,10,125,2,1,,88.84,40.48,sat,0.27,0.15,0.08,,0.00,0.01,0.00,0.02,0.21,0.03,0.01,0.17,0.03,0.00,0.03,0.00,0.00,
chc-lia-nonlin-0084.smt2,,,,,,,,2,,,4,4,,,8,,1,,6,17,,13,,,6,9,,,,9,,,,,46.44,18.85,sat,0.07,0.03,0.00,,0.00,0.01,0.00,0.00,0.04,0.01,,0.02,0.00,0.00,0.00,0.00,,
chc-lia-nonlin-0085.smt2,,79,,57,33,4,,14,12,1,15,15,,84,20,,45,25,34,489,1,153,,,66,347,1,,,126,1,65,50,,58.76,32.73,sat,0.68,0.32,0.13,,0.01,0.00,0.00,0.02,0.65,0.15,,0.43,0.05,0.06,0.03,0.08,0.00,0.01
chc-lia-nonlin-0086.smt2,,5008,,104,52,22,,99,97,1,100,100,,4734,104,,207,77,177,15681,146,2987,,,360,9536,,,2,2834,,2581,2466,,867.88,551.57,sat,129.50,113.45,52.06,,1.90,0.00,0.00,0.45,129.07,64.81,,63.80,2.78,2.80,0.67,4.68,0.00,0.04
chc-lia-nonlin-0087.smt2,,10767,,107,54,25,,,143,1,148,147,,10349,394,,276,77,34,34128,4,5984,,,503,20797,,,2,5760,,5412,5249,,456.59,415.40,timeout,596.62,536.06,250.13,,5.60,0.00,0.00,0.93,578.22,301.38,,276.16,7.54,8.07,1.84,12.88,0.01,0.04
chc-lia-nonlin-0088.smt2,,,,,,,,,,,1,1,,,5,,,,5,4,,6,,,5,4,,,,4,2,,,,23.72,8.49,sat,0.02,0.01,0.00,,,0.00,0.00,0.00,0.01,0.00,,0.01,0.00,0.00,0.00,0.00,,
chc-lia-nonlin-0089.smt2,,,,,,,,,,,,,,,,,,,,,,,,,,,,,,,,,,,7.72,4.21,sat,0.00,,,,,0.00,,,,,,,,,,,,
chc-lia-nonlin-0090.smt2,,,,,,,,,,,1,1,,,3,,,,3,2,,4,,,3,2,,,,2,1,,,,20.32,8.11,sat,0.04,0.01,0.00,,,0.00,0.00,0.00,0.02,0.00,,0.01,0.00,0.00,0.00,0.00,,
chc-lia-nonlin-0091.smt2,,,,,,,,,,,,,,,,,,,,,,,,,,,,,,,,,,,0.09,0.09,,,,,,,,,,,,,,,,,,,
chc-lia-nonlin-0092.smt2,,,,,,,,,,,1,1,,,2,,,,2,1,,3,,,2,1,,,,1,,,,,19.36,7.32,sat,0.03,0.01,0.00,,,0.00,0.00,0.00,0.01,0.00,,0.01,0.00,0.00,0.00,0.00,,
chc-lia-nonlin-0093.smt2,,,,,,,1,2,,,2,2,,,7,,1,,6,16,2,10,,,8,12,1,,,7,24,,,,39.08,16.96,sat,0.09,0.04,0.01,0.00,0.00,0.00,0.00,0.01,0.06,0.01,0.00,0.04,0.01,0.00,0.01,0.00,,
chc-lia-nonlin-0094.smt2,,2907,,22,,16,2823,,79,1,87,86,,2852,309,4,3223,2941,89,15029,7,3492,,,284,6158,39,,5,3443,6616,37,2945,11,346.91,338.76,timeout,595.51,559.09,167.84,75.84,2.79,0.00,0.00,4.87,590.12,160.84,0.01,428.80,8.92,3.77,21.66,10.03,0.05,0.16
chc-lia-nonlin-0095.smt2,3,,,,,,,,,,3,3,,,4,,2,,,6,,6,,,3,,3,,,5,1,,,,28.48,7.28,unsat,0.03,0.01,0.00,,0.00,0.00,0.00,0.00,0.02,0.00,,0.01,0.00,0.00,0.00,0.00,,0.00
chc-lia-nonlin-0096.smt2,,,,1,,,,1,7,1,11,11,,,13,,25,8,38,200,,85,,,55,113,1,,1,75,12,17,10,2,89.72,43.46,sat,0.50,0.29,0.13,,0.00,0.00,0.00,0.02,0.45,0.11,,0.31,0.04,0.03,0.05,0.02,0.00,0.00
chc-lia-nonlin-0097.smt2,,,,,,,,2,,,5,5,,,15,,10,,11,44,2,29,,,11,22,,,,23,3,,,,90.04,35.47,sat,0.16,0.05,0.01,,0.00,0.01,0.00,0.00,0.08,0.02,,0.05,0.01,0.00,0.00,0.00,,
chc-lia-nonlin-0098.smt2,1,,,,,,,,,,1,1,,,1,,,,,,,1,,,1,,1,,,,1,,,,26.92,6.54,unsat,0.02,0.00,0.00,,,0.00,0.00,0.00,0.00,,,0.00,,0.00,,,,
chc-lia-nonlin-0099.smt2,,,,,,,,1,,,3,3,,,6,,2,,7,16,1,13,,,7,11,,,,9,,,,,21.16,8.69,sat,0.04,0.01,0.00,,0.00,0.00,0.00,0.00,0.03,0.00,,0.02,0.00,0.00,0.00,0.00,,
chc-lia-nonlin-0100.smt2,3,,,,,,,,,,3,3,,,5,,1,,,7,,7,,,4,,3,,,6,1,,,,32.68,8.35,unsat,0.04,0.01,0.00,,0.00,0.00,0.00,0.00,0.02,0.00,,0.01,0.00,0.00,0.00,0.00,,0.00
chc-lia-nonlin-0101.smt2,,,,,,,,1,,,2,2,,,5,,,,4,7,1,8,,,5,4,,,,5,,,,,19.40,7.59,sat,0.02,0.00,0.00,,0.00,0.00,0.00,0.00,0.01,0.00,,0.01,0.00,0.00,0.00,0.00,,
chc-lia-nonlin-0102.smt2,,,,,,,,2,,1,4,4,,,11,,9,,7,33,,22,,,12,13,1,,,16,5,2,1,,41.36,18.22,sat,0.13,0.07,0.04,,0.00,0.00,0.00,0.01,0.11,0.01,0.00,0.08,0.01,0.00,0.03,0.00,0.00,
chc-lia-nonlin-0103.smt2,2,,,,,,,,,,2,2,,,2,,,,,2,,3,,,2,,2,,,2,1,,,,27.76,7.00,unsat,0.02,0.00,0.00,,,0.00,0.00,0.00,0.01,0.00,,0.00,0.00,0.00,0.00,0.00,,0.00
chc-lia-nonlin-0104.smt2,3,,,,,,,,,,3,3,,,5,,2,,1,11,,8,,,6,5,3,,,7,1,,,,29.20,7.78,unsat,0.04,0.01,0.00,,0.00,0.00,0.00,0.00,0.02,0.00,,0.01,0.00,0.00,0.00,0.00,,0.00
chc-lia-nonlin-0105.smt2,,,,,,,,4,,,5,5,,,12,,3,,10,50,,20,,,9,34,,,,15,2,,,,43.20,17.83,sat,0.09,0.03,0.01,,0.00,0.00,0.00,0.00,0.06,0.02,,0.03,0.01,0.00,0.00,0.00,,
chc-lia-nonlin-0106.smt2,,,,,,,,,,,1,1,,,2,,,,2,1,,3,,,2,1,,,,1,,,,,18.96,7.10,sat,0.02,0.00,0.00,,,0.00,0.00,0.00,0.00,0.00,,0.00,0.00,0.00,0.00,0.00,,
chc-lia-nonlin-0107.smt2,6,4,,23,7,15,,,1,,6,6,,,12,,18,,1,43,,31,,,23,9,6,,,25,1,,,,34.40,11.07,unsat,0.12,0.04,0.02,,0.00,0.00,0.00,0.00,0.10,0.01,,0.08,0.01,0.01,0.01,0.01,,0.01
chc-lia-nonlin-0108.smt2,,43,,38,26,3,4,10,11,3,12,12,22,54,27,,49,14,27,264,10,113,,,54,158,6,22,,93,5,25,37,15,63.08,36.48,sat,1.26,0.30,0.14,0.00,0.01,0.00,0.00,0.02,1.22,0.09,,1.08,0.04,0.05,0.03,0.72,0.00,0.04
chc-lia-nonlin-0109.smt2,11,26,,53,11,31,,,4,1,11,11,,32,36,,27,,1,220,,73,,,49,102,11,,,59,1,16,20,,53.92,23.66,unsat,0.36,0.17,0.09,,0.00,0.00,0.00,0.01,0.33,0.07,,0.22,0.02,0.03,0.03,0.03,0.00,0.02
chc-lia-nonlin-0110.smt2,21,183,,122,21,77,,,13,2,21,21,,147,91,,69,20,1,1008,3,236,,,120,564,35,1,,192,17,117,116,16,140.12,76.44,unsat,1.90,1.18,0.64,,0.04,0.00,0.00,0.03,1.84,0.61,,1.15,0.09,0.11,0.14,0.19,0.00,0.10
chc-lia-nonlin-0111.smt2,26,298,,149,28,86,,,18,2,26,26,,266,132,,79,24,1,1749,9,356,,,191,1040,26,6,4,342,1,244,170,,213.84,128.25,unsat,3.46,2.24,1.20,,0.08,0.00,0.00,0.06,3.38,1.28,,1.99,0.21,0.21,0.21,0.30,0.00,0.13
chc-lia-nonlin-0112.smt2,,159,,38,26,2,44,19,21,3,22,22,110,164,55,1,124,14,33,835,43,252,,7,101,431,37,110,1,226,35,68,124,57,126.04,74.55,sat,9.37,1.59,0.75,0.10,0.04,0.00,0.00,0.05,9.30,0.71,,8.49,0.14,0.13,0.06,7.13,0.00,0.14
chc-lia-nonlin-0113.smt2,16,129,,102,15,54,105,,10,1,16,16,,99,56,,48,,1,543,1,145,,,65,210,16,,,132,1,31,90,,78.76,39.45,unsat,0.99,0.60,0.11,0.27,0.01,0.00,0.00,0.02,0.95,0.29,,0.60,0.05,0.05,0.06,0.09,0.00,0.03
chc-lia-nonlin-0114.smt2,,,,,,,,,,,,,,,,,,,,,,,,,,,,,,,,,,,8.00,4.49,sat,0.00,,,,,0.00,,,,,,,,,,,,
chc-lia-nonlin-0115.smt2,,,,5,3,1,,3,3,1,4,4,,,11,,6,2,9,33,,21,,,15,19,1,,,15,1,1,2,,29.00,13.80,sat,0.11,0.04,0.02,,0.00,0.00,0.00,0.00,0.08,0.01,,0.06,0.00,0.01,0.02,0.01,0.00,0.00
chc-lia-nonlin-0116.smt2,3,,,,,,,,,,3,3,,,5,,2,,1,9,,8,,,5,3,3,,,7,1,,,,30.28,8.51,unsat,0.05,0.01,0.01,,0.00,0.00,0.00,0.00,0.03,0.00,,0.02,0.00,0.00,0.00,0.00,,0.00
chc-lia-nonlin-0117.smt2,,13,,18,15,,,7,3,1,7,7,,6,12,,22,2,10,63,3,51,,,33,28,,,,43,,11,2,,31.32,15.07,sat,0.20,0.09,0.04,,0.00,0.00,0.00,0.01,0.18,0.02,,0.14,0.01,0.02,0.02,0.02,0.00,0.01
chc-lia-nonlin-0118.smt2,26,224,,145,41,79,,,16,1,26,26,,257,125,,184,173,1,1944,4,325,,,124,1067,44,,2,276,21,154,173,20,218.12,131.47,unsat,3.84,2.69,1.55,,0.10,0.00,0.00,0.05,3.74,1.51,,2.12,0.16,0.17,0.41,0.25,0.00,0.20
chc-lia-nonlin-0119.smt2,,11,,20,15,2,,6,3,1,7,7,,6,14,,24,2,10,64,,53,,,35,27,,,,43,,11,2,,32.04,15.29,sat,0.21,0.09,0.05,,0.00,0.00,0.00,0.01,0.19,0.02,,0.15,0.01,0.02,0.03,0.02,0.00,0.01
chc-lia-nonlin-0120.smt2,,13,,18,15,,,7,3,1,7,7,,6,12,,21,2,10,63,3,51,,,33,28,,,,43,,11,2,,31.32,15.07,sat,0.26,0.11,0.05,,0.00,0.00,0.00,0.01,0.23,0.02,,0.17,0.02,0.02,0.03,0.02,0.00,0.01
chc-lia-nonlin-0121.smt2,,15,,21,18,,13,9,4,1,9,9,,23,14,,34,15,14,106,11,66,,,28,39,1,,,55,1,9,15,,34.40,16.77,sat,0.29,0.13,0.05,0.02,0.00,0.00,0.00,0.01,0.26,0.03,,0.19,0.02,0.02,0.03,0.03,0.00,0.01
chc-lia-nonlin-0122.smt2,2,,,,,,,,,,2,2,,,2,,,,,2,,3,,,2,,2,,,2,1,,,,29.88,8.25,unsat,0.03,0.00,0.00,,,0.00,0.00,0.00,0.01,0.00,,0.00,0.00,0.00,0.00,0.00,,0.00
chc-lia-nonlin-0123.smt2,,,,,,,,,,,2,2,,,3,,,,3,3,,6,,,3,1,,,,3,,,,,20.92,8.64,sat,0.03,0.00,0.00,,,0.00,0.00,0.00,0.01,0.00,,0.01,0.00,0.00,0.00,0.00,,
chc-lia-nonlin-0124.smt2,3,,,1,,3,,,1,,3,3,,,6,,2,,1,11,,9,,,6,4,3,,,7,1,,,,31.00,8.80,unsat,0.05,0.01,0.01,,0.00,0.00,0.00,0.00,0.03,0.00,,0.02,0.00,0.00,0.00,0.00,,0.00
chc-lia-nonlin-0125.smt2,,,,,,,,,,,3,3,,,5,,2,,5,7,2,11,,,6,2,,,,7,,,,,21.16,8.70,sat,0.04,0.01,0.00,,0.00,0.00,0.00,0.00,0.02,0.00,,0.01,0.00,0.00,0.00,0.00,,
chc-lia-nonlin-0126.smt2,,,,,,,,,,,1,1,,,2,,,,2,1,,3,,,2,1,,,,1,,,,,18.20,6.83,sat,0.02,0.00,0.00,,,0.00,0.00,0.00,0.01,0.00,,0.00,0.00,0.00,0.00,0.00,,
chc-lia-nonlin-0127.smt2,,,,,,,,1,,,3,3,,,10,,2,,9,6,,16,,,11,,,,,12,,,,,21.96,9.26,sat,0.06,0.02,0.01,,0.00,0.00,0.00,0.00,0.04,0.00,,0.03,0.00,0.00,0.01,0.00,,
chc-lia-nonlin-0128.smt2,,,,18,6,9,,5,4,2,6,6,,,20,,14,,13,81,4,35,,,39,43,8,3,,28,21,,3,2,44.84,22.76,sat,0.24,0.12,0.06,,0.00,0.00,0.00,0.01,0.21,0.03,0.00,0.15,0.02,0.01,0.03,0.01,0.00,0.01
chc-lia-nonlin-0129.smt2,7,,,10,5,4,,,1,,5,5,,,9,,11,,1,25,,19,,,21,4,7,,,17,5,,,,39.56,13.51,unsat,0.12,0.04,0.02,,0.00,0.00,0.00,0.01,0.09,0.01,0.00,0.07,0.01,0.01,0.01,0.01,,0.01
chc-lia-nonlin-0130.smt2,,3,,18,8,8,,6,6,2,7,7,,1,23,,25,,21,129,2,53,,,58,83,11,8,,43,31,1,8,5,60.08,34.23,sat,0.40,0.22,0.10,,0.00,0.00,0.00,0.02,0.36,0.05,0.01,0.28,0.03,0.02,0.07,0.03,0.00,0.02
chc-lia-nonlin-0131.smt2,10,5,,20,12,6,,,1,,7,7,,2,13,,22,,1,46,,31,,,30,6,11,,,28,7,,,,42.44,15.58,unsat,0.19,0.08,0.04,,0.00,0.00,0.00,0.01,0.16,0.01,0.00,0.13,0.01,0.01,0.01,0.01,,0.02
chc-lia-nonlin-0132.smt2,15,15,,24,15,7,,,3,2,9,9,,7,20,,29,,1,79,,49,,,47,17,15,2,,46,5,8,2,1,54.64,22.60,unsat,0.32,0.14,0.08,,0.00,0.00,0.00,0.02,0.29,0.03,0.01,0.22,0.03,0.02,0.02,0.02,0.00,0.05
chc-lia-nonlin-0133.smt2,,27,,30,11,9,31,10,12,3,10,10,2,17,44,,51,,50,415,3,116,,,162,315,47,33,2,123,82,6,36,26,125.68,75.61,sat,1.75,1.18,0.56,0.07,0.01,0.00,0.00,0.06,1.65,0.33,0.03,1.28,0.10,0.08,0.33,0.13,0.00,0.10
chc-lia-nonlin-0134.smt2,,65,,21,15,,33,13,17,3,14,14,12,40,56,,63,,61,529,8,172,,,202,360,51,47,1,170,95,13,55,36,142.52,81.88,sat,3.29,2.27,1.14,0.08,0.02,0.00,0.00,0.11,3.14,0.69,0.04,2.40,0.17,0.15,0.58,0.32,0.00,0.16
chc-lia-nonlin-0135.smt2,,93,,22,13,,8,14,22,3,15,15,16,55,65,,52,1,84,822,7,210,,,247,657,53,68,1,198,100,41,77,50,217.68,131.24,sat,5.50,4.21,1.94,0.04,0.02,0.00,0.00,0.11,5.33,1.55,0.05,3.72,0.19,0.22,1.06,0.41,0.00,0.21
chc-lia-nonlin-0136.smt2,25,56,,31,21,7,,,9,3,14,14,3,34,31,,59,,1,210,,107,,5,85,68,25,17,1,101,5,27,17,2,87.24,39.56,unsat,0.85,0.45,0.27,,0.01,0.00,0.00,0.05,0.79,0.10,0.01,0.63,0.08,0.05,0.05,0.08,0.00,0.13
chc-lia-nonlin-0137.smt2,,,,,,,,1,,,3,3,,,5,,1,,4,7,1,10,,,5,2,,,,6,,,,,21.00,8.57,sat,0.04,0.01,0.00,,0.00,0.00,0.00,0.00,0.02,0.00,,0.01,0.00,0.00,0.00,0.00,,
chc-lia-nonlin-0138.smt2,,,,,,,,,,,2,2,,,3,,,,3,3,,6,,,3,1,,,,3,,,,,20.96,8.43,sat,0.03,0.01,0.00,,,0.00,0.00,0.00,0.01,0.00,,0.01,0.00,0.00,0.00,0.00,,
chc-lia-nonlin-0139.smt2,,,,,,,,2,,,3,3,,,14,,2,,6,21,,19,,,13,9,,,,15,3,,,,109.72,62.21,sat,0.45,0.32,0.15,,0.00,0.01,0.00,0.00,0.36,0.05,0.00,0.31,0.01,0.00,0.15,0.00,,
chc-lia-nonlin-0140.smt2,2,,,,,,,,,,2,2,,,2,,,,,2,,3,,,2,,2,,,2,1,,,,29.80,8.23,unsat,0.03,0.00,0.00,,,0.00,0.00,0.00,0.01,0.00,,0.01,0.00,0.00,0.00,0.00,,0.00
chc-lia-nonlin-0141.smt2,,,,,,,,1,,,3,3,,,4,,2,,3,6,,9,,,4,1,,,,5,,,,,20.96,8.60,sat,0.03,0.01,0.00,,0.00,0.00,0.00,0.00,0.02,0.00,,0.01,0.00,0.00,0.00,0.00,,
chc-lia-nonlin-0142.smt2,,,,,,,,1,,,3,3,,,4,,2,,3,6,,9,,,4,1,,,,5,,,,,20.96,8.65,sat,0.03,0.01,0.00,,0.00,0.00,0.00,0.00,0.02,0.00,,0.01,0.00,0.00,0.00,0.00,,
chc-lia-nonlin-0143.smt2,,,,,,,,2,,,4,4,,,23,,2,,21,12,,32,,,22,,,,,28,5,,,,40.60,14.89,sat,0.11,0.04,0.02,,0.00,0.01,0.00,0.01,0.08,0.00,,0.06,0.01,0.00,0.02,0.00,,
chc-lia-nonlin-0144.smt2,3,,,,,,,,,,3,3,,,9,,1,,2,14,,12,,,9,8,3,,,11,5,,,,71.80,28.45,unsat,0.18,0.13,0.04,,0.00,0.01,0.00,0.00,0.15,0.01,,0.13,0.00,0.00,0.03,0.00,,0.00
chc-lia-nonlin-0145.smt2,12,17,,30,17,6,,,5,1,12,12,,21,29,,26,,6,144,2,78,,,35,56,12,,2,74,1,14,8,,44.80,17.11,unsat,0.32,0.13,0.08,,0.00,0.00,0.00,0.01,0.29,0.04,,0.20,0.03,0.02,0.02,0.02,0.00,0.02
chc-lia-nonlin-0146.smt2,,25,,69,48,7,,12,5,2,16,16,,31,36,,95,7,52,620,9,183,,,110,344,14,5,4,161,9,31,15,3,76.16,44.45,sat,1.31,0.83,0.45,0.00,0.02,0.00,0.00,0.03,1.26,0.30,,0.89,0.07,0.10,0.29,0.07,0.00,0.04
chc-lia-nonlin-0147.smt2,2,,,,,,,,,,2,2,,,2,,,,,2,,3,,,2,,2,,,2,1,,,,30.16,8.45,unsat,0.03,0.00,0.00,,,0.00,0.00,0.00,0.01,0.00,,0.01,0.00,0.00,0.00,0.00,,0.00
chc-lia-nonlin-0148.smt2,,5,,15,12,1,,7,8,2,8,8,,3,29,,21,,32,198,4,64,,,81,157,35,16,,60,84,5,16,13,80.56,44.40,sat,0.67,0.40,0.21,,0.00,0.00,0.00,0.03,0.61,0.11,0.01,0.48,0.04,0.03,0.12,0.05,0.00,0.03
chc-lia-nonlin-0149.smt2,,,,,,,,2,,,4,4,,,5,,2,,3,8,,11,,,6,,1,,,6,3,,,,28.52,11.96,sat,0.07,0.02,0.01,,0.00,0.00,0.00,0.00,0.04,0.00,0.00,0.03,0.00,0.00,0.01,0.00,,
chc-lia-nonlin-0150.smt2,2,,,,,,,,,,2,2,,,2,,,,,2,,3,,,2,,2,,,2,1,,,,30.12,8.36,unsat,0.05,0.01,0.00,,,0.00,0.00,0.00,0.02,0.00,,0.01,0.00,0.00,0.00,0.00,,0.00
chc-lia-nonlin-0151.smt2,,,,,,,,,,,2,2,,,3,,,,4,4,,7,,,4,2,,,,4,,,,,22.44,9.28,sat,0.03,0.01,0.00,,,0.00,0.00,0.00,0.01,0.00,,0.01,0.00,0.00,0.00,0.00,,
chc-lia-nonlin-0152.smt2,2,,,,,,,,,,2,2,,,2,,,,,2,,3,,,2,,2,,,2,1,,,,30.68,8.48,unsat,0.03,0.01,0.00,,,0.00,0.00,0.00,0.01,0.00,,0.01,0.00,0.00,0.00,0.00,,0.00
chc-lia-nonlin-0153.smt2,,,,,,,,,,,2,2,,,11,,,,11,11,6,14,,,11,9,,,,11,,,,,24.04,10.68,sat,0.05,0.02,0.00,,,0.00,0.00,0.00,0.03,0.00,,0.02,0.00,0.00,0.00,0.00,,
chc-lia-nonlin-0154.smt2,3,,,,,,,,,,3,3,,,13,,1,,7,19,5,16,,,14,11,3,,,15,1,,,,34.44,11.04,unsat,0.07,0.02,0.01,,0.00,0.00,0.00,0.00,0.05,0.01,,0.03,0.01,0.00,0.00,0.00,,0.00
chc-lia-nonlin-0155.smt2,,,,12,9,6,,6,7,2,7,7,,2,36,,19,1,30,143,6,61,,,60,98,13,5,,54,42,3,8,7,56.04,27.06,sat,0.38,0.19,0.09,,0.00,0.00,0.00,0.02,0.33,0.05,0.01,0.25,0.03,0.02,0.05,0.01,0.00,0.02
chc-lia-nonlin-0156.smt2,6,,,7,4,6,,,2,,6,6,,,14,,8,,2,40,,24,,,23,11,11,,,24,16,,,,46.40,15.95,unsat,0.15,0.06,0.03,,0.00,0.00,0.00,0.01,0.12,0.01,0.00,0.09,0.01,0.01,0.01,0.00,,0.02
chc-lia-nonlin-0157.smt2,2,,,,,,,,,,2,2,,,4,,,,,3,,6,,,4,,2,,,5,3,,,,35.08,9.79,unsat,0.04,0.01,0.00,,,0.00,0.00,0.00,0.02,0.00,,0.01,0.00,0.00,0.00,0.00,,0.00
chc-lia-nonlin-0158.smt2,,,,6,2,7,,4,4,2,6,6,,1,30,,19,,24,102,5,48,,,41,57,5,1,,41,25,,3,3,47.60,22.70,sat,0.26,0.12,0.05,,0.00,0.00,0.00,0.01,0.22,0.04,0.00,0.16,0.02,0.02,0.03,0.01,0.00,0.01
chc-lia-nonlin-0159.smt2,,,,2,2,,,3,1,,4,4,,,19,,4,,19,48,3,30,,,25,35,2,,,26,11,,,,36.48,16.27,sat,0.15,0.07,0.03,,0.00,0.00,0.00,0.01,0.12,0.01,0.00,0.09,0.01,0.01,0.02,0.00,,0.01
chc-lia-nonlin-0160.smt2,,,,,,,,2,,,3,3,,,14,,1,,9,22,,19,,,11,11,,,,15,5,,,,29.60,12.21,sat,0.08,0.03,0.01,,0.00,0.00,0.00,0.00,0.05,0.01,0.00,0.04,0.01,0.00,0.01,0.00,,
chc-lia-nonlin-0161.smt2,,,,18,12,7,,7,11,2,9,9,,2,44,,33,3,43,214,12,82,,,97,151,23,11,,75,66,1,16,13,73.24,37.98,sat,0.59,0.32,0.14,,0.00,0.00,0.00,0.03,0.54,0.09,0.01,0.41,0.05,0.04,0.08,0.04,0.00,0.03
chc-lia-nonlin-0162.smt2,10,2,,21,15,8,,,2,,9,9,,,23,,24,,2,80,1,45,,,46,18,24,,,48,36,,,,54.56,19.76,unsat,0.30,0.13,0.07,,0.00,0.00,0.00,0.02,0.26,0.02,0.01,0.20,0.03,0.01,0.02,0.01,,0.04
chc-lia-nonlin-0163.smt2,15,8,,32,23,13,,,2,,12,12,,1,24,,26,,3,122,3,58,,,75,44,37,,,65,47,,,,67.36,27.14,unsat,0.44,0.21,0.12,,0.00,0.00,0.00,0.03,0.39,0.04,0.01,0.31,0.04,0.02,0.03,0.02,,0.08
chc-lia-nonlin-0164.smt2,,19,,36,24,15,,12,23,2,14,14,,6,78,,34,2,64,537,23,140,,,175,428,71,38,1,141,169,2,42,36,133.12,74.33,sat,1.77,1.15,0.51,,0.01,0.00,0.00,0.07,1.67,0.38,0.03,1.23,0.11,0.09,0.27,0.12,0.00,0.10
chc-lia-nonlin-0165.smt2,20,28,,41,32,10,,,6,2,15,15,,14,41,,32,,7,227,39,91,,,95,112,55,3,,102,67,15,3,1,92.08,41.58,unsat,0.71,0.36,0.19,,0.00,0.00,0.00,0.05,0.65,0.08,0.02,0.51,0.07,0.03,0.04,0.03,0.00,0.12
chc-lia-nonlin-0166.smt2,,206,,58,38,18,14,17,43,2,20,20,,23,119,,53,4,205,2738,32,380,,,495,2537,235,200,2,389,602,13,214,190,464.16,279.02,sat,12.39,9.56,3.65,0.06,0.02,0.00,0.00,0.23,12.03,3.86,0.07,8.09,0.39,0.47,2.21,0.95,0.00,0.47
chc-lia-nonlin-0167.smt2,25,164,,63,48,13,3,,38,3,19,19,10,40,188,,46,4,7,365,4,299,,,360,167,206,133,3,314,472,24,137,123,203.60,95.06,unsat,5.87,3.97,2.34,0.00,0.01,0.00,0.00,0.19,5.76,0.18,0.06,5.51,0.29,0.35,1.45,0.74,0.00,0.43
chc-lia-nonlin-0168.smt2,,,,6,4,,,4,4,1,10,10,,9,18,2,24,21,34,147,3,91,,,52,53,14,,,74,14,34,27,10,53.08,28.58,sat,0.58,0.34,0.20,,0.00,0.00,0.00,0.01,0.54,0.06,,0.44,0.03,0.04,0.16,0.04,0.00,0.01
chc-lia-nonlin-0169.smt2,,,,,,,,,,,1,1,,,2,,,,2,,,3,,,2,,,,,1,,,,,23.56,9.84,sat,0.03,0.01,0.00,,,0.00,0.00,0.00,0.01,0.00,,0.01,0.00,0.00,0.00,0.00,,
chc-lia-nonlin-0170.smt2,,,,,,,,2,,,4,4,,,11,,3,,8,32,,18,,,11,22,,,,13,,,,,29.44,14.02,sat,0.08,0.03,0.01,,0.00,0.00,0.00,0.00,0.06,0.01,,0.03,0.01,0.00,0.00,0.00,,
chc-lia-nonlin-0171.smt2,2,,,,,,,,,,2,2,,,2,,,,,2,,3,,,2,,2,,,2,1,,,,34.08,10.49,unsat,0.04,0.01,0.00,,,0.00,0.00,0.00,0.01,0.00,,0.01,0.00,0.00,0.00,0.00,,0.00
chc-lia-nonlin-0172.smt2,,,,,,,,2,,,4,4,,,20,,2,,15,43,5,30,,,22,24,,,,25,,,,,34.44,16.99,sat,0.14,0.07,0.03,,0.00,0.00,0.00,0.01,0.10,0.02,,0.07,0.01,0.00,0.01,0.00,,
chc-lia-nonlin-0173.smt2,2,,,,,,,,,,2,2,,,2,,,,,2,,3,,,2,,2,,,2,1,,,,35.52,11.46,unsat,0.04,0.01,0.00,,,0.00,0.00,0.00,0.01,0.00,,0.01,0.00,0.00,0.00,0.00,,0.00
chc-lia-nonlin-0174.smt2,,,,,,,,3,4,1,14,14,,11,34,1,90,13,84,669,7,181,,,97,397,,,,159,,63,18,,191.16,123.74,sat,2.90,2.16,1.27,,0.03,0.00,0.00,0.05,2.75,0.69,,2.01,0.13,0.20,1.02,0.05,0.00,
chc-lia-nonlin-0175.smt2,4,,,,,,,,,,4,4,,,17,,3,,2,27,2,23,,,20,9,4,,,22,1,,,,41.88,15.72,unsat,0.13,0.05,0.03,,0.00,0.00,0.00,0.00,0.09,0.01,,0.07,0.01,0.01,0.01,0.00,,0.01
chc-lia-nonlin-0176.smt2,,,,,,,,3,,,7,7,,,19,,17,,16,75,3,42,,,17,32,,,,34,,,,,43.72,23.83,sat,0.27,0.16,0.09,,0.00,0.00,0.00,0.01,0.22,0.04,,0.17,0.02,0.01,0.07,0.00,,
chc-lia-nonlin-0177.smt2,,,,,,,,3,4,1,14,14,,11,34,1,90,13,84,669,7,181,,,97,397,,,,159,,63,18,,191.12,123.74,sat,2.92,2.19,1.29,,0.03,0.00,0.00,0.05,2.78,0.69,,2.04,0.13,0.20,1.04,0.05,0.00,
chc-lia-nonlin-0178.smt2,,,,,,,,3,3,1,10,10,,6,28,2,34,8,52,399,3,131,,,69,249,,,,114,,45,11,,122.28,76.55,sat,1.53,1.10,0.58,,0.01,0.00,0.00,0.03,1.44,0.39,,1.02,0.09,0.10,0.43,0.03,0.00,
chc-lia-nonlin-0179.smt2,,,,,,,,2,,,6,6,,,20,,9,,15,54,3,41,,,16,21,,,,34,,,,,42.08,23.06,sat,0.25,0.15,0.09,,0.00,0.00,0.00,0.01,0.21,0.03,,0.16,0.02,0.01,0.07,0.00,,
chc-lia-nonlin-0180.smt2,2,,,,,,,,,,2,2,,,2,,,,,2,,3,,,2,,2,,,2,1,,,,38.80,13.08,unsat,0.05,0.01,0.00,,,0.00,0.00,0.00,0.02,0.00,,0.01,0.00,0.00,0.00,0.00,,0.00
chc-lia-nonlin-0181.smt2,,,,,,,,2,,,5,5,,,19,,6,,16,53,3,34,,,15,26,,,,28,,,,,39.88,21.51,sat,0.21,0.12,0.07,,0.00,0.00,0.00,0.01,0.17,0.02,,0.13,0.02,0.01,0.05,0.00,,
chc-lia-nonlin-0182.smt2,2,,,,,,,,,,2,2,,,2,,,,,2,,3,,,2,,2,,,2,1,,,,39.56,14.03,unsat,0.05,0.01,0.00,,,0.00,0.00,0.00,0.02,0.00,,0.01,0.00,0.00,0.00,0.00,,0.00
chc-lia-nonlin-0183.smt2,6,,,,,,,,,,6,6,,,12,,8,,4,40,1,27,,,21,16,6,,,26,1,,,,40.24,14.28,unsat,0.13,0.05,0.03,,0.00,0.00,0.00,0.01,0.09,0.01,,0.06,0.01,0.00,0.00,0.00,,0.01
chc-lia-nonlin-0184.smt2,,,,,,,,5,,,7,7,,,23,,16,,17,87,2,38,,,25,56,4,,,33,11,,,,98.24,35.32,sat,0.19,0.08,0.03,,0.00,0.01,0.00,0.01,0.14,0.03,0.00,0.09,0.01,0.00,0.01,0.00,,0.01
chc-lia-nonlin-0185.smt2,,,,,,,,,,,2,2,,,3,,,,4,4,,7,,,4,2,,,,4,,,,,30.00,13.87,sat,0.05,0.01,0.00,,,0.00,0.00,0.00,0.02,0.00,,0.01,0.00,0.00,0.00,0.00,,
chc-lia-nonlin-0186.smt2,34,539,,135,7,109,1,,32,4,33,33,41,156,554,198,571,48,56,4977,23,1206,58,,1331,2308,56,104,34,1397,17,358,166,19,499.36,280.22,unsat,47.28,36.88,24.42,0.02,0.97,0.00,0.00,0.60,47.06,14.01,,32.87,2.49,2.88,9.66,2.56,0.00,0.60
chc-lia-nonlin-0187.smt2,,,,,,,,,,,1,1,,,2,,,,2,,,3,,,2,,,,,1,,,,,32.32,13.51,sat,0.06,0.03,0.00,,,0.00,0.00,0.00,0.03,0.00,,0.03,0.00,0.00,0.00,0.00,,
chc-lia-nonlin-0188.smt2,2,,,,,,2,,,,2,2,,,2,,,,,2,,3,,,3,,2,,,3,1,,,,50.60,17.90,unsat,0.09,0.03,0.01,0.01,,0.00,0.00,0.00,0.04,0.00,,0.03,0.00,0.00,0.00,0.00,,0.00
chc-lia-nonlin-0189.smt2,4,,,,,,14,,,,4,4,,,30,,1,,19,57,11,36,,,35,37,4,,,37,3,,,,67.24,27.87,unsat,0.65,0.49,0.25,0.16,0.00,0.00,0.00,0.01,0.57,0.06,,0.49,0.04,0.01,0.08,0.00,,0.02
chc-lia-nonlin-0190.smt2,4,,,,,,17,,,,4,4,,,35,,,,24,61,11,41,,,38,43,4,,,42,3,,,,68.72,28.66,unsat,0.61,0.43,0.14,0.20,0.00,0.00,0.00,0.02,0.53,0.08,,0.44,0.05,0.01,0.12,0.00,,0.02
chc-lia-nonlin-0191.smt2,,,,,,,18,2,,,3,3,,,16,,1,,9,21,1,23,,,19,8,,,,20,,,,,52.80,25.90,sat,0.33,0.22,0.02,0.14,0.00,0.00,0.00,0.01,0.27,0.03,,0.23,0.02,0.00,0.10,0.00,,0.00
chc-lia-nonlin-0192.smt2,,,,,,,,,,,,,,,,,,,,,,,,,,,,,,,,,,,9.04,5.50,sat,0.00,,,,,0.00,,,,,,,,,,,,
chc-lia-nonlin-0193.smt2,,,,,,,,,,,1,1,,,2,,,,2,,,3,,,2,,,,,1,,,,,28.80,12.60,sat,0.06,0.02,0.00,,,0.00,0.00,0.00,0.02,0.00,,0.02,0.00,0.00,0.00,0.00,,
chc-lia-nonlin-0194.smt2,,,,,,,,,,,1,1,,,2,,,,2,1,1,3,,,2,1,,,,1,,,,,47.12,22.61,sat,0.08,0.02,0.00,,,0.00,0.00,0.00,0.02,0.00,,0.02,0.00,0.00,0.00,0.00,,
chc-lia-nonlin-0195.smt2,,,,,,,,,,,,,,,,,,,,,,,,,1,,,,,,,,,,24.20,7.04,unsat,0.02,0.00,0.00,,,0.00,0.00,,0.00,,,0.00,,,,,,
chc-lia-nonlin-0196.smt2,,,,,,,,,,,,,,,,,,,,,,,,,1,,,,,,,,,,24.04,6.85,unsat,0.02,0.00,0.00,,,0.00,0.00,,0.00,,,0.00,,,,,,
chc-lia-nonlin-0197.smt2,,,,,,,,,,,,,,,,,,,,,,,,,1,,,,,,,,,,24.36,7.16,unsat,0.02,0.00,0.00,,,0.00,0.00,,0.00,,,0.00,,,,,,
chc-lia-nonlin-0198.smt2,,,,,,,,,,,,,,,,,,,,,,,,,1,,,,,,,,,,24.36,7.16,unsat,0.02,0.00,0.00,,,0.00,0.00,,0.00,,,0.00,,,,,,
chc-lia-nonlin-0199.smt2,,,,,,,,1,,,2,2,,,5,,1,,4,7,,7,,,4,4,,,,4,1,,,,57.56,19.52,sat,0.07,0.01,0.00,,0.00,0.01,0.00,0.00,0.02,0.01,,0.02,0.00,0.00,0.00,0.00,,
chc-lia-nonlin-0200.smt2,2,,,,,,,,,,2,2,,,2,,,,,2,,3,,,2,,2,,,2,1,,,,33.68,10.91,unsat,0.04,0.00,0.00,,,0.00,0.00,0.00,0.01,0.00,,0.01,0.00,0.00,0.00,0.00,,0.00
chc-lia-nonlin-0201.smt2,,,,,,,,,,,,,,,,,,,,,,,,,,,,,,,,,,,9.76,5.95,sat,0.01,,,,,0.00,,,,,,,,,,,,
chc-lia-nonlin-0202.smt2,,,,,,,,2,,,3,3,,,11,,1,,10,7,,16,,,10,,,,,12,,,,,77.84,31.55,sat,0.26,0.16,0.07,,0.00,0.01,0.00,0.01,0.19,0.03,,0.15,0.01,0.00,0.01,0.00,,
chc-lia-nonlin-0203.smt2,3,,,,,,,,,,3,3,,,5,,2,,,8,,8,,,5,1,3,,,6,3,,,,57.96,17.92,unsat,0.08,0.01,0.01,,0.00,0.01,0.00,0.00,0.03,0.00,0.00,0.02,0.00,0.00,0.00,0.00,,0.00
chc-lia-nonlin-0204.smt2,3,,,,,,,,,,3,3,,,4,,2,,,9,,7,,,5,2,3,,,6,1,,,,57.84,17.93,unsat,0.08,0.02,0.01,,0.00,0.01,0.00,0.00,0.03,0.00,0.00,0.02,0.00,0.00,,,,0.00
chc-lia-nonlin-0205.smt2,,,,,,,,,,,,,,,,,,,,,,,,,1,,,,,,,,,,25.76,8.26,unsat,0.04,0.00,0.00,,,0.00,0.00,,0.00,,,0.00,,,,,,
chc-lia-nonlin-0206.smt2,,,,,,,,10,,,11,11,,,44,,51,,52,195,1,118,,,52,121,,,,106,16,,,,203.60,75.61,sat,1.24,0.89,0.46,,0.00,0.02,0.01,0.05,1.09,0.17,,0.88,0.11,0.01,0.22,0.00,,
chc-lia-nonlin-0207.smt2,,,,,,,,,,,,,,,,,,,,,,,,,1,,,,,,,,,,26.80,8.91,unsat,0.04,0.00,0.00,,,0.00,0.00,,0.00,,,0.00,,,,,,
chc-lia-nonlin-0208.smt2,,,,,,,,1,,,2,2,,,4,,,,3,2,,6,,,3,,,,,3,,,,,55.08,22.40,sat,0.10,0.02,0.01,,,0.01,0.00,0.00,0.03,0.00,,0.02,0.00,0.00,0.00,0.00,,
chc-lia-nonlin-0209.smt2,,,,,,,,1,,,2,2,,,4,,,,3,2,,6,,,3,,,,,3,,,,,55.08,22.40,sat,0.09,0.02,0.01,,,0.01,0.00,0.00,0.03,0.00,,0.02,0.00,0.00,0.00,0.00,,
chc-lia-nonlin-0210.smt2,,,,,,,,,,,,,,,,,,,,,,,,,1,,,,,,,,,,25.76,8.24,unsat,0.05,0.00,0.00,,,0.00,0.00,,0.00,,,0.00,,,,,,
chc-lia-nonlin-0211.smt2,14,,,,,,,,,,14,14,,,36,,57,,18,138,,78,,,45,33,16,,,80,11,,,,316.08,104.42,unsat,0.80,0.40,0.22,,0.00,0.04,0.01,0.04,0.58,0.06,0.02,0.46,0.05,0.00,0.06,0.00,,0.08
chc-lia-nonlin-0212.smt2,,,,,,,,7,,,11,11,,,36,,57,,28,241,2,104,,,52,128,20,,,94,77,,,,700.88,323.21,sat,2.04,1.22,0.33,,0.00,0.02,0.01,0.07,1.48,0.62,0.04,0.82,0.08,0.01,0.11,0.00,,0.13
chc-lia-nonlin-0213.smt2,,,,,,,,4,,,5,5,,,18,,10,,17,18,,32,,,17,,,,,26,,,,,169.16,64.39,sat,0.85,0.62,0.36,,0.00,0.02,0.01,0.03,0.71,0.08,,0.61,0.06,0.00,0.09,0.00,,
chc-lia-nonlin-0214.smt2,,,,,,,,4,,,5,5,,,18,,10,,17,18,,32,,,17,,,,,26,,,,,169.16,64.39,sat,0.82,0.59,0.34,,0.00,0.02,0.01,0.03,0.68,0.08,,0.58,0.06,0.00,0.08,0.00,,
chc-lia-nonlin-0215.smt2,,,,,,,,,,,,,,,,,,,,,,,,,1,,,,,,,,,,27.88,9.88,unsat,0.05,0.00,0.00,,,0.00,0.00,,0.00,,,0.00,,,,,,
chc-lia-nonlin-0216.smt2,16,,,,,,,,,,16,16,,,58,,150,,16,528,18,127,,,60,243,18,,,132,8,,,,340.20,118.33,unsat,0.87,0.45,0.20,,0.00,0.04,0.01,0.03,0.67,0.15,0.00,0.46,0.06,0.01,0.04,0.00,,0.06
chc-lia-nonlin-0217.smt2,,,,,,,,,,,,,,,,,,,,,,,,,1,,,,,,,,,,28.64,10.35,unsat,0.07,0.00,0.00,,,0.00,0.00,,0.00,,,0.00,,,,,,
chc-lia-nonlin-0218.smt2,,,,,,,,,,,,,,,,,,,,,,,,,1,,,,,,,,,,27.00,9.17,unsat,0.05,0.00,0.00,,,0.00,0.00,,0.00,,,0.00,,,,,,
chc-lia-nonlin-0219.smt2,5,,,,,,,,,,5,5,,,11,,7,,2,26,,19,,,15,5,9,,,18,8,,,,135.40,46.54,unsat,0.29,0.11,0.07,,0.00,0.02,0.01,0.01,0.17,0.02,0.01,0.13,0.01,0.00,0.00,0.00,,0.06
chc-lia-nonlin-0220.smt2,3,,,,,,,,,,3,3,,,8,,1,,1,13,2,11,,,8,4,3,,,10,8,,,,129.76,44.16,unsat,0.20,0.08,0.04,,0.00,0.02,0.01,0.00,0.09,0.02,,0.07,0.00,0.00,0.00,0.00,,0.00
chc-lia-nonlin-0221.smt2,,,,,,,,,,,,,,,,,,,,,,,,,1,,,,,,,,,,28.52,10.30,unsat,0.06,0.00,0.00,,,0.00,0.00,,0.00,,,0.00,,,,,,
chc-lia-nonlin-0222.smt2,,,,,,,,5,,,7,7,,,13,,14,,9,36,,30,,,9,6,,,,22,,,,,167.80,65.59,sat,0.51,0.28,0.16,,0.00,0.02,0.01,0.01,0.33,0.08,,0.24,0.02,0.00,0.02,0.00,,
chc-lia-nonlin-0223.smt2,5,,,,,,,,,,5,5,,,20,,18,,1,40,,42,,,22,2,5,,,41,4,,,,260.80,84.09,unsat,0.36,0.12,0.06,,0.00,0.05,0.01,0.01,0.18,0.02,0.01,0.15,0.02,0.00,0.00,0.00,,0.01
chc-lia-nonlin-0224.smt2,10,,,,,,,,,,10,10,,,25,,24,,14,65,,50,,,38,14,13,,,50,8,,,,330.88,117.65,unsat,1.14,0.62,0.45,,0.00,0.03,0.01,0.09,0.87,0.08,0.13,0.76,0.06,0.00,0.02,0.00,,0.19
chc-lia-nonlin-0225.smt2,,,,,,,,9,,,11,11,,,42,,56,,40,104,1,88,,,45,9,2,,,79,15,,,,353.16,130.35,sat,1.38,0.83,0.42,,0.00,0.06,0.02,0.05,1.02,0.08,0.02,0.91,0.08,0.01,0.22,0.00,,0.03
chc-lia-nonlin-0226.smt2,,,,,,,,16,,,20,20,,,43,,113,,30,320,8,114,,,35,154,2,,,102,8,,,,370.72,135.18,sat,1.35,0.77,0.36,,0.00,0.05,0.02,0.08,1.06,0.15,0.03,0.85,0.13,0.00,0.04,0.00,,0.04
chc-lia-nonlin-0227.smt2,5,,,,,,,,,,4,4,,,11,,7,,2,22,,18,,,18,4,6,,,17,12,,,,252.16,85.83,unsat,0.65,0.29,0.21,,0.00,0.03,0.01,0.05,0.41,0.04,0.10,0.36,0.02,0.00,0.00,0.00,,0.05
chc-lia-nonlin-0228.smt2,,,,,,,,9,,,11,11,,,25,,27,,22,79,,60,,,22,17,,,,49,,,,,249.64,94.31,sat,1.12,0.70,0.42,,0.00,0.04,0.01,0.05,0.85,0.14,,0.68,0.08,0.00,0.15,0.00,,
chc-lia-nonlin-0229.smt2,5,,,,,,,,,,4,4,,,24,,8,,1,29,,38,,,29,2,6,,,37,12,,,,350.88,114.61,unsat,0.66,0.27,0.17,,0.00,0.05,0.02,0.05,0.39,0.03,0.08,0.34,0.03,0.00,0.00,0.00,,0.04
chc-lia-nonlin-0230.smt2,35,8,,96,14,52,,,31,1,35,35,,10,203,3,666,17,74,2559,50,387,,,316,1429,48,,12,407,197,16,17,,1794.80,653.89,unsat,21.51,17.29,10.94,,0.04,0.09,0.03,0.63,19.74,5.90,0.28,13.70,0.93,0.27,3.96,0.26,0.00,0.95
chc-lia-nonlin-0231.smt2,,,,,,,,5,,,8,8,,,24,,21,,19,56,,49,,,30,5,7,,,41,30,,,,280.68,114.73,sat,1.36,0.87,0.43,,0.00,0.03,0.01,0.07,1.07,0.10,0.03,0.94,0.08,0.01,0.10,0.00,,0.03
chc-lia-nonlin-0232.smt2,8,,,,,,,,,,8,8,,,24,,18,,12,51,3,38,,,29,10,12,,,37,13,,,,375.84,136.28,unsat,1.28,0.71,0.45,,0.00,0.03,0.01,0.07,0.92,0.12,0.05,0.78,0.05,0.00,0.06,0.00,,0.20
chc-lia-nonlin-0233.smt2,6,,,,,,,,,,6,6,,,18,,10,,8,30,1,29,,,19,4,8,,,27,24,,,,308.88,117.15,unsat,1.12,0.61,0.32,,0.00,0.04,0.01,0.04,0.74,0.08,0.02,0.64,0.04,0.00,0.03,0.00,,0.07
chc-lia-nonlin-0234.smt2,8,,,,,,,,,,8,8,,,33,,25,,13,76,,48,,,36,15,12,,,46,50,,,,541.12,184.50,unsat,2.92,1.95,1.34,,0.00,0.05,0.02,0.20,2.39,0.30,0.22,2.06,0.16,0.00,0.30,0.00,,0.32
chc-lia-nonlin-0235.smt2,,,,,,,,5,,,8,8,,,23,,22,,18,54,,48,,,26,5,4,,,40,25,,,,273.04,111.92,sat,1.31,0.85,0.42,,0.00,0.03,0.01,0.05,1.00,0.10,0.02,0.87,0.06,0.01,0.11,0.00,,0.03
chc-lia-nonlin-0236.smt2,8,,,,,,,,,,8,8,,,39,,32,,17,89,1,59,,,40,16,12,,,58,44,,,,584.52,198.09,unsat,3.16,2.12,1.43,,0.00,0.06,0.02,0.20,2.57,0.30,0.22,2.24,0.16,0.01,0.39,0.00,,0.33
chc-lia-nonlin-0237.smt2,,,,,,,,,,,,,,,,,,,,,,,,,1,,,,,,,,,,43.48,18.27,unsat,0.19,0.00,0.00,,,0.00,0.00,,0.00,,,0.00,,,,,,
chc-lia-nonlin-0238.smt2,,,,,,,,,,,,,,,,,,,,,,,,,1,,,,,,,,,,45.72,19.20,unsat,0.20,0.00,0.00,,,0.00,0.00,,0.00,,,0.00,,,,,,
chc-lia-nonlin-0239.smt2,28,,,9,,9,,,10,1,28,28,,,185,,195,5,142,504,7,280,,,191,176,29,,,280,99,5,5,,1008.40,351.69,unsat,5.85,3.97,2.41,,0.01,0.08,0.04,0.27,5.03,0.68,0.05,4.24,0.53,0.07,0.93,0.03,0.00,0.40
chc-lia-nonlin-0240.smt2,8,,,,,,,,,,8,8,,,31,,44,,9,116,7,65,,,33,30,11,,,63,12,,,,459.40,161.67,unsat,1.07,0.47,0.26,,0.00,0.07,0.03,0.06,0.64,0.10,0.03,0.52,0.06,0.00,0.04,0.00,,0.11
chc-lia-nonlin-0241.smt2,,,,,,,,,,,,,,,,,,,,,,,,,1,,,,,,,,,,46.32,19.84,unsat,0.22,0.00,0.00,,,0.00,0.00,,0.00,,,0.00,,,,,,
chc-lia-nonlin-0242.smt2,,,,,,,,6,,,9,9,,,33,,22,,29,51,1,60,,,38,4,9,,,52,53,,,,509.60,188.93,sat,2.91,2.06,1.32,,0.00,0.06,0.02,0.15,2.45,0.21,0.11,2.21,0.19,0.00,0.38,0.00,,0.18
chc-lia-nonlin-0243.smt2,,,,,,,,5,,,8,8,,,45,,25,,45,80,4,85,,,77,13,17,,,79,201,,,,896.28,325.40,sat,9.19,7.40,5.17,,0.00,0.09,0.04,0.49,8.45,0.80,0.27,7.62,0.54,0.01,1.52,0.00,,0.35
chc-lia-nonlin-0244.smt2,,,,,,,,,,,,,,,,,,,,,,,,,1,,,,,,,,,,45.96,20.13,unsat,0.22,0.00,0.00,,,0.00,0.00,,0.00,,,0.00,,,,,,
chc-lia-nonlin-0245.smt2,,,,,,,,4,,,7,7,,,25,,17,,23,37,1,46,,,35,3,6,,,39,65,,,,535.40,210.31,sat,4.45,3.48,2.24,,0.00,0.06,0.02,0.28,4.01,0.25,0.26,3.74,0.26,0.00,0.62,0.00,,0.23
chc-lia-nonlin-0246.smt2,,,,,,,,6,,,9,9,,,47,,45,,45,124,3,97,,,77,20,17,,,90,193,,,,1033.56,368.60,sat,10.59,8.56,6.47,,0.00,0.09,0.04,0.58,9.77,1.45,0.28,8.30,0.63,0.01,1.96,0.00,,0.40
chc-lia-nonlin-0247.smt2,,,,,,,,6,,,9,9,,,48,,42,,45,116,3,97,,,83,18,16,,,90,180,,,,933.40,336.36,sat,9.31,7.51,5.23,,0.00,0.09,0.04,0.49,8.56,1.07,0.26,7.47,0.59,0.01,1.67,0.00,,0.34
chc-lia-nonlin-0248.smt2,,,,,,,,,,,,,,,,,,,,,,,,,1,,,,,,,,,,48.16,20.77,unsat,0.22,0.00,0.00,,,0.00,0.00,,0.00,,,0.00,,,,,,
chc-lia-nonlin-0249.smt2,26,,,42,,27,,,3,,26,26,,,92,,270,,25,774,160,271,,,133,276,30,,9,308,8,,,,900.64,327.10,unsat,3.90,2.53,1.17,,0.00,0.09,0.04,0.14,3.24,0.43,0.02,2.72,0.29,0.03,0.44,0.02,,0.35
chc-lia-nonlin-0250.smt2,20,,,8,6,1,,,2,,18,18,,,80,,134,,42,333,5,166,,,103,89,37,,1,174,22,,,,1223.12,446.35,unsat,7.82,5.20,3.75,,0.00,0.10,0.04,0.46,6.39,0.72,0.13,5.61,0.55,0.02,1.30,0.00,,1.07
chc-lia-nonlin-0251.smt2,,,,,,,,6,,,9,9,,,48,,37,,46,121,4,99,,,82,20,15,,,92,177,,,,970.20,349.03,sat,9.57,7.72,5.75,,0.00,0.09,0.04,0.50,8.81,1.45,0.25,7.33,0.59,0.01,1.66,0.00,,0.37
chc-lia-nonlin-0252.smt2,21,,,10,,7,,,4,,21,21,,,112,,633,,14,3535,452,243,,,120,2308,24,,,248,8,,,,1598.96,550.83,unsat,3.43,2.15,0.82,,0.00,0.16,0.06,0.06,2.73,1.33,0.01,1.33,0.14,0.02,0.16,0.01,,0.14
chc-lia-nonlin-0253.smt2,21,,,,,,,,,,21,21,,,89,,336,,26,1437,53,179,,,109,910,31,,,191,18,,,,1371.32,486.69,unsat,4.42,2.96,1.29,,0.00,0.10,0.04,0.23,3.67,1.46,0.07,2.15,0.23,0.01,0.28,0.00,,0.51
chc-lia-nonlin-0254.smt2,71,281,360,287,143,144,1,,32,2,66,66,,32,1269,1,4229,53,490,19168,173,2099,,8,2387,12377,432,227,39,2219,740,56,286,,11954.24,4286.51,unsat,208.88,182.06,107.87,0.59,0.43,0.13,0.06,5.00,204.83,66.95,1.56,137.60,6.78,3.84,54.89,3.69,0.00,9.62
chc-lia-nonlin-0255.smt2,,32,,107,45,46,,29,13,1,34,34,,16,130,,460,20,139,2008,91,417,,,325,1331,128,,,429,301,31,20,,1834.60,770.41,sat,33.49,27.72,17.74,,0.05,0.10,0.05,1.79,32.33,8.29,0.84,23.92,1.56,0.31,5.02,0.27,0.00,4.08
chc-lia-nonlin-0256.smt2,,,,21,10,10,,19,10,2,21,21,,,63,,145,2,51,551,44,147,,,124,265,26,1,,131,166,3,3,,2586.72,941.75,sat,44.29,39.60,30.23,,0.01,0.17,0.06,1.74,42.91,12.21,2.99,30.62,1.18,0.07,4.69,0.05,0.00,5.76
chc-lia-nonlin-0257.smt2,,,,8,,10,,23,13,2,27,27,,,124,,229,9,118,562,5,250,,,163,194,24,2,,242,67,11,11,,1234.44,460.99,sat,6.45,4.53,2.72,,0.01,0.11,0.05,0.29,5.61,1.06,0.15,4.44,0.54,0.06,0.93,0.04,0.00,0.39
chc-lia-nonlin-0258.smt2,,,,8,,10,,23,13,2,27,27,,,124,,229,9,118,562,5,250,,,163,194,24,2,,242,67,11,11,,1234.44,460.99,sat,6.49,4.56,2.74,,0.01,0.11,0.05,0.29,5.64,1.08,0.15,4.46,0.54,0.06,0.94,0.04,0.00,0.39
chc-lia-nonlin-0259.smt2,6,,,,,,,,,,6,6,,,56,,29,,3,342,21,112,,,56,187,6,,,111,192,,,,1723.80,536.93,unsat,5.69,4.29,2.10,,0.00,0.24,0.11,0.15,4.66,0.76,,3.88,0.24,0.00,0.00,0.00,,0.19
chc-lia-nonlin-0260.smt2,,,,,,,,8,,,10,10,,,54,,41,,46,89,5,97,,,81,10,18,,,90,193,,,,1485.12,542.45,sat,14.52,11.77,8.55,,0.00,0.16,0.07,0.80,13.35,1.06,0.45,12.25,0.89,0.01,2.36,0.00,,0.75
chc-lia-nonlin-0261.smt2,6,,,,,,,,,,6,6,,,54,,27,,3,346,17,110,,,54,193,6,,,109,192,,,,1727.28,538.18,unsat,5.56,4.20,2.10,,0.00,0.24,0.10,0.13,4.55,0.77,,3.76,0.21,0.00,0.00,0.00,,0.19
chc-lia-nonlin-0262.smt2,6,,,,,,,,,,6,6,,,56,,30,,3,356,18,112,,,56,201,6,,,111,192,,,,1732.92,539.86,unsat,5.67,4.29,2.12,,0.00,0.24,0.10,0.15,4.66,0.77,,3.87,0.24,0.00,0.00,0.00,,0.19
chc-lia-nonlin-0263.smt2,6,,,,,,,,,,6,6,,,56,,30,,3,356,18,112,,,56,201,6,,,111,192,,,,1732.92,539.86,unsat,5.66,4.27,2.11,,0.00,0.24,0.10,0.15,4.65,0.78,,3.85,0.24,0.00,0.00,0.00,,0.19
chc-lia-nonlin-0264.smt2,,,,,,,,12,,,14,14,,,63,,115,,65,228,5,159,,,106,36,21,,,153,256,,,,1754.88,619.83,sat,18.54,15.23,11.53,,0.01,0.15,0.07,0.94,17.24,1.79,0.34,15.40,1.23,0.03,3.28,0.00,,1.11
chc-lia-nonlin-0265.smt2,,,,,,,,5,,,8,8,,,33,,16,,34,51,2,62,,,47,4,8,,,55,109,,,,871.96,322.55,sat,8.88,6.99,5.12,,0.00,0.13,0.06,0.50,7.92,0.80,0.56,7.10,0.46,0.01,1.72,0.00,,1.22
chc-lia-nonlin-0266.smt2,18,,,9,,14,,,9,,16,16,,,124,,258,,40,1203,54,227,,,148,614,27,,,225,155,,,,2234.16,765.72,unsat,10.94,8.04,4.97,,0.01,0.17,0.09,0.55,9.49,2.54,0.20,6.90,0.75,0.04,0.90,0.01,,0.83
chc-lia-nonlin-0267.smt2,26,,,28,,22,7,,7,4,26,26,2,36,206,,886,6,37,4225,561,411,,,270,2656,30,2,2,428,8,83,48,,2892.48,1013.65,unsat,8.60,6.07,2.25,0.02,0.01,0.21,0.09,0.32,7.50,2.33,0.02,5.06,0.57,0.14,0.93,0.06,0.00,0.29
chc-lia-nonlin-0268.smt2,6,,,,,,,,,,6,6,,,60,,31,,3,386,29,121,,,60,218,6,,,120,192,,,,1860.36,575.06,unsat,5.85,4.38,2.11,,0.00,0.26,0.11,0.13,4.76,0.77,,3.96,0.23,0.00,0.00,0.00,,0.18
chc-lia-nonlin-0269.smt2,46,22,,134,10,58,,,22,1,41,41,,10,269,,415,,80,1156,42,466,,,552,547,74,,63,708,307,5,2,,3391.88,1181.23,unsat,28.37,21.95,12.74,,0.01,0.17,0.09,1.28,25.98,1.75,0.34,24.07,1.97,0.31,5.52,0.23,0.00,1.88
chc-lia-nonlin-0270.smt2,,,,16,16,3,,11,8,,16,16,,,90,,156,,79,654,25,192,,,158,306,49,,,183,341,,,,2023.08,736.28,sat,46.40,41.23,29.80,,0.02,0.12,0.07,1.57,44.71,12.94,0.68,31.72,1.99,0.09,8.40,0.03,,1.59
chc-lia-nonlin-0271.smt2,13,,,,,,,,,,12,12,,,112,,125,,44,1085,27,194,,,150,718,39,,,193,223,,,,2283.00,772.02,unsat,17.95,14.89,8.16,,0.01,0.17,0.09,0.68,16.65,6.42,0.37,10.18,0.87,0.03,1.93,0.00,,0.88
chc-lia-nonlin-0272.smt2,12,,,,,,,,,,12,12,,,73,,196,,13,1004,28,138,,,68,578,12,,,137,148,,,,2066.04,669.67,unsat,5.78,4.18,2.24,,0.00,0.26,0.12,0.14,4.67,1.43,0.01,3.19,0.26,0.01,0.09,0.00,,0.19
chc-lia-nonlin-0273.smt2,12,,,,,,,,,,12,12,,,72,,198,,13,990,22,137,,,68,564,12,,,136,292,,,,2412.08,778.45,unsat,14.66,12.38,7.06,,0.00,0.33,0.15,0.29,13.13,3.30,0.01,9.78,0.47,0.00,0.67,0.00,,0.44
chc-lia-nonlin-0274.smt2,12,,,,,,,,,,12,12,,,79,,224,,13,1119,26,150,,,74,645,12,,,149,148,,,,2235.64,720.22,unsat,6.36,4.57,2.50,,0.00,0.30,0.14,0.18,5.14,1.48,0.02,3.62,0.31,0.01,0.30,0.00,,0.20
chc-lia-nonlin-0275.smt2,,,,7,2,8,,8,4,,14,14,,,57,,99,,68,192,6,148,,,111,27,20,,,139,214,,,,1809.16,648.97,sat,19.13,15.63,11.52,,0.00,0.20,0.10,0.92,17.53,1.60,0.34,15.88,1.13,0.04,4.36,0.01,,0.80
chc-lia-nonlin-0276.smt2,12,,,,,,,,,,12,12,,,78,,223,,13,1134,32,149,,,73,660,12,,,148,292,,,,2679.04,851.96,unsat,15.36,12.87,7.22,,0.01,0.39,0.17,0.32,13.68,3.43,0.01,10.20,0.51,0.00,0.63,0.00,,0.46
chc-lia-nonlin-0277.smt2,12,,,,,,,,,,12,12,,,82,,237,,13,1214,30,156,,,79,713,12,,,155,148,,,,2325.00,746.04,unsat,7.08,5.16,2.79,,0.00,0.30,0.14,0.20,5.79,1.72,0.01,4.03,0.35,0.01,0.35,0.00,,0.21
chc-lia-nonlin-0278.smt2,,,,2,,2,,9,2,,12,12,,,54,,62,,55,141,4,113,,,82,21,16,,,104,179,,,,2101.92,740.53,sat,21.85,17.90,13.65,,0.00,0.28,0.12,0.94,19.89,2.41,0.49,17.44,1.12,0.02,3.51,0.00,,1.32
chc-lia-nonlin-0279.smt2,8,,,1,,8,,,,,8,8,,,69,,81,,24,154,,149,,,78,11,12,,,146,92,,,,1318.60,443.08,unsat,6.36,4.16,2.65,,0.00,0.22,0.12,0.39,5.03,0.56,0.31,4.44,0.47,0.01,0.67,0.00,,0.46
chc-lia-nonlin-0280.smt2,12,,,,,,,,,,12,12,,,77,,221,,13,1098,25,151,,,73,637,12,,,150,292,,,,2761.52,876.14,unsat,15.73,13.15,7.08,,0.01,0.42,0.21,0.31,13.95,3.15,0.02,10.76,0.50,0.00,0.87,0.00,,0.51
chc-lia-nonlin-0281.smt2,12,,,,,,,,,,12,12,,,80,,236,,13,1207,30,156,,,75,710,12,,,155,292,,,,2838.28,898.69,unsat,16.43,13.77,7.50,,0.00,0.44,0.22,0.34,14.61,3.03,0.02,11.53,0.52,0.00,1.52,0.00,,0.49
chc-lia-nonlin-0282.smt2,,1,,94,29,52,,42,25,2,43,43,,,177,,1007,12,126,3316,111,438,,,371,1742,74,1,2,408,252,8,13,4,4274.60,1442.20,sat,70.33,62.28,41.72,,0.05,0.23,0.12,2.11,67.57,30.00,0.62,37.40,2.58,0.25,12.03,0.23,0.00,2.00
chc-lia-nonlin-0283.smt2,,52,,124,,102,42,,22,3,47,46,8,77,382,,308,4,290,7101,159,662,,,466,6176,,23,11,649,,63,52,,4731.49,4683.30,timeout,599.30,471.87,30.87,1.80,0.06,0.36,0.17,0.72,479.80,184.55,,295.07,2.22,2.04,35.03,1.24,0.00,
